{"theta0": 8433.44357510487, "theta1": -0.02081989231090924}